num,wd,jd,year,ave,max,min,rise,drop
7461,3070,11108,1970,167,387,-56,12,15
7461,3070,11108,1971,165,404,-16,17,19
7461,3070,11108,1972,167,402,-37,9,16
7461,3070,11108,1973,168,362,-23,8,15
7461,3070,11108,1974,167,399,-41,14,16
7461,3070,11108,1975,169,384,-33,9,16
7461,3070,11108,1976,164,380,-43,9,16
7461,3070,11108,1977,172,386,-98,12,15
7461,3070,11108,1978,175,398,-23,17,23
7461,3070,11108,1979,173,368,-25,16,20
7461,3070,11108,1980,164,377,-33,17,22
7461,3070,11130,1981,168,384,-21,13,19
7461,3070,11130,1982,165,380,-34,14,18
7461,3070,11130,1983,169,383,-24,11,17
7461,3070,11130,1984,162,363,-46,13,17
7461,3070,11130,1985,165,386,-32,14,17
7461,3070,11130,1986,169,380,-14,15,21
7461,3070,11130,1987,168,369,-13,17,22
7461,3070,11130,1988,170,394,-13,13,23
7461,3070,11130,1989,162,385,-20,13,15
7461,3070,11130,1990,174,400,-31,13,14
7461,3070,11130,1991,166,394,-53,8,15
7461,3070,11130,1992,169,382,-18,16,16
7461,3070,11130,1993,163,379,-41,21,20
7461,3070,11130,1994,172,392,-15,14,15
7461,3070,11130,1995,172,392,-18,13,15
7461,3070,11130,1996,164,364,-31,8,15
7461,3070,11130,1997,173,381,-30,9,17
7461,3070,11130,1998,179,376,-22,12,19
7461,3070,11130,1999,177,391,-34,15,18
7461,3070,11130,2000,171,382,-27,10,18
7461,3070,11130,2001,176,384,-13,12,15
7461,3070,11130,2002,175,385,-25,12,20
7461,3070,11130,2003,168,398,-25,13,15
7461,3070,11130,2004,178,392,-24,14,17
7461,3070,11130,2005,175,398,-19,13,17
7461,3070,11130,2006,181,393,-24,17,19
7461,3070,11130,2007,180,377,-5,13,16
7461,3070,11130,2008,173,372,-36,11,14
7461,3070,11130,2009,174,390,-23,13,20
7461,3070,11130,2010,173,401,-22,17,25
7461,3070,11130,2011,172,393,-34,11,19
7461,3070,11130,2012,169,383,-28,7,9
7461,3070,11130,2013,180,393,-44,17,20
7461,3073,11136,2014,164,383,-45,12,10
7461,3073,11136,2015,165,369,-28,15,17
7461,3073,11136,2016,168,383,-52,22,21
7461,3073,11136,2017,168,383,-11,14,21
7461,3073,11136,2018,168,372,-65,17,21
7461,3073,11136,2019,169,397,-22,20,22
7461,3073,11136,2020,165,362,-16,13,21
7447,3026,10936,1970,159,371,-43,7,9
7447,3026,10936,1971,164,403,-26,10,9
7447,3026,10936,1972,162,386,-65,9,12
7447,3026,10936,1973,165,368,-13,8,10
7447,3026,10936,1974,160,378,-33,9,11
7447,3026,10936,1975,164,384,-47,7,12
7447,3026,10936,1976,158,376,-25,7,11
7447,3026,10936,1977,161,378,-123,8,12
7447,3026,10936,1978,167,386,-22,12,13
7447,3026,10936,1979,166,370,-15,9,12
7447,3028,10946,1980,161,365,-36,13,18
7447,3028,10946,1981,162,376,-22,10,15
7447,3028,10946,1982,160,362,-31,18,19
7447,3028,10946,1983,163,356,-29,11,11
7447,3028,10946,1984,159,366,-31,7,10
7447,3028,10946,1985,161,370,-14,8,15
7447,3028,10946,1986,159,368,-13,12,15
7447,3028,10946,1987,161,349,-11,16,12
7447,3028,10946,1988,163,380,-17,15,14
7447,3028,10946,1989,156,373,-25,9,12
7447,3028,10946,1990,168,395,-15,8,11
7447,3028,10946,1991,161,369,-32,5,11
7447,3028,10946,1992,162,389,-29,8,13
7447,3028,10946,1993,158,355,-31,10,14
7447,3028,10946,1994,166,383,-23,10,10
7447,3028,10946,1995,161,377,-21,11,13
7447,3028,10946,1996,155,368,-25,9,13
7447,3028,10946,1997,163,376,-12,7,12
7447,3028,10946,1998,168,366,-19,7,10
7447,3028,10946,1999,163,371,-35,12,16
7447,3028,10946,2000,161,371,-23,8,11
7447,3028,10946,2001,169,384,-23,6,10
7447,3028,10946,2002,166,387,-8,11,17
7447,3028,10946,2003,165,380,-20,12,17
7447,3028,10946,2004,166,386,-16,7,11
7447,3028,10946,2005,165,382,-17,6,14
7447,3028,10946,2006,174,391,-17,9,15
7447,3028,10946,2007,167,373,-14,10,12
7447,3028,10946,2008,164,367,-29,6,10
7447,3028,10946,2009,167,383,-17,9,13
7447,3028,10946,2010,161,373,-26,15,13
7447,3028,10946,2011,161,372,-30,14,16
7447,3028,10946,2012,159,380,-23,5,9
7447,3028,10946,2013,173,382,-15,9,13
7447,3028,10946,2014,167,390,-25,11,7
7447,3028,10946,2015,173,372,9,11,14
7447,3028,10946,2016,174,397,-22,12,16
7447,3028,10946,2017,173,384,0,7,7
7447,3028,10946,2018,172,387,-14,9,13
7447,3028,10946,2019,174,380,2,15,16
7447,3028,10946,2020,171,380,1,8,14
7278,3203,11216,1970,154,378,-76,20,22
7278,3203,11216,1971,152,398,-71,18,22
7278,3203,11216,1972,153,384,-55,15,17
7278,3203,11216,1973,158,372,-76,13,15
7278,3203,11216,1974,153,388,-80,18,22
7278,3203,11216,1975,160,375,-46,12,21
7278,3203,11216,1976,153,373,-55,13,23
7278,3203,11216,1977,159,373,-148,15,20
7278,3203,11216,1978,163,396,-46,21,25
7278,3203,11216,1979,161,368,-88,17,24
7278,3203,11216,1980,154,366,-70,18,28
7278,3203,11216,1981,158,386,-53,14,20
7278,3203,11216,1982,155,374,-55,13,18
7278,3203,11216,1983,157,361,-50,16,20
7278,3203,11216,1984,151,365,-52,15,18
7278,3203,11216,1985,152,374,-74,17,24
7278,3203,11216,1986,158,368,-40,19,21
7278,3203,11216,1987,157,357,-44,21,24
7278,3203,11216,1988,159,396,-41,16,21
7278,3203,11216,1989,151,365,-62,14,23
7278,3203,11216,1990,163,371,-79,13,18
7278,3203,11216,1991,155,370,-68,13,20
7278,3203,11216,1992,157,369,-41,19,20
7278,3203,11216,1993,154,368,-65,22,22
7278,3203,11216,1994,165,390,-42,14,17
7278,3203,11216,1995,165,374,-34,13,18
7278,3203,11216,1996,156,363,-39,9,19
7278,3203,11216,1997,165,381,-57,12,18
7278,3203,11216,1998,169,370,-55,18,20
7278,3203,11216,1999,169,394,-58,12,23
7278,3203,11216,2000,163,367,-60,10,17
7278,3203,11216,2001,166,377,-62,17,23
7278,3203,11216,2002,166,379,-55,19,21
7278,3203,11216,2003,157,374,-52,20,20
7278,3203,11216,2004,168,384,-66,18,22
7278,3203,11216,2005,161,374,-47,15,18
7278,3203,11216,2006,168,365,-58,14,20
7278,3203,11216,2007,167,365,-44,15,17
7278,3203,11216,2008,162,367,-88,15,12
7278,3203,11216,2009,161,364,-60,19,21
7278,3203,11216,2010,163,376,-41,18,26
7278,3203,11216,2011,161,378,-61,19,17
7278,3203,11216,2012,162,372,-49,12,8
7278,3200,11208,2013,167,393,-50,22,24
7278,3200,11208,2014,162,391,-57,14,20
7278,3200,11208,2015,161,365,-44,22,20
7278,3200,11208,2016,168,370,-76,17,23
7278,3200,11208,2017,167,391,-25,20,22
7278,3200,11208,2018,166,377,-91,25,22
7278,3200,11208,2019,167,401,-40,20,23
7278,3200,11208,2020,166,374,-49,21,22
7494,3063,11406,1970,158,372,-103,14,18
7494,3063,11406,1971,158,387,-71,15,21
7494,3063,11406,1972,159,376,-90,17,22
7494,3063,11406,1973,165,374,-101,9,15
7494,3063,11406,1974,163,369,-86,20,22
7494,3063,11406,1975,166,365,-65,13,17
7494,3063,11406,1976,161,375,-84,13,19
7494,3063,11406,1977,163,368,-181,19,19
7494,3063,11406,1978,170,388,-69,19,23
7494,3063,11406,1979,168,372,-83,20,29
7494,3063,11406,1980,160,370,-87,18,19
7494,3061,11413,1981,164,374,-66,9,21
7494,3061,11413,1982,164,357,-98,15,21
7494,3061,11413,1983,165,373,-59,14,17
7494,3061,11413,1984,159,370,-128,16,22
7494,3061,11413,1985,162,375,-76,19,19
7494,3061,11413,1986,165,374,-52,14,25
7494,3061,11413,1987,166,354,-41,23,22
7494,3061,11413,1988,166,385,-38,19,21
7494,3061,11413,1989,162,377,-38,21,20
7494,3061,11413,1990,172,378,-64,15,18
7494,3061,11413,1991,165,382,-96,15,18
7494,3061,11413,1992,168,386,-39,16,24
7494,3061,11413,1993,162,355,-80,20,19
7494,3061,11413,1994,174,380,-35,16,18
7494,3061,11413,1995,174,381,-26,11,13
7494,3061,11413,1996,168,370,-43,16,23
7494,3061,11413,1997,176,360,-39,11,19
7494,3061,11413,1998,182,378,-37,19,24
7494,3061,11413,1999,176,369,-42,20,22
7494,3061,11413,2000,177,393,-47,10,22
7494,3061,11413,2001,181,378,-28,14,17
7494,3061,11413,2002,181,387,-39,17,23
7494,3061,11413,2003,175,396,-25,20,24
7494,3061,11413,2004,183,376,-47,20,23
7494,3061,11413,2005,179,385,-27,18,20
7494,3061,11413,2006,184,375,-37,21,25
7494,3061,11413,2007,186,372,-15,16,24
7494,3061,11413,2008,177,371,-52,20,23
7494,3061,11413,2009,179,391,-46,27,28
7494,3060,11405,2010,166,381,-40,17,22
7494,3060,11405,2011,164,373,-78,17,21
7494,3060,11405,2012,164,375,-65,12,15
7494,3060,11405,2013,172,395,-72,22,20
7494,3060,11405,2014,168,371,-64,14,18
7494,3060,11405,2015,169,364,-52,16,23
7494,3060,11405,2016,173,384,-94,25,24
7494,3060,11405,2017,173,397,-50,17,23
7494,3060,11405,2018,174,386,-88,18,19
7494,3060,11405,2019,174,387,-43,15,26
7494,3060,11405,2020,171,375,-77,13,20
7496,3040,11481,1970,166,378,-78,12,19
7496,3040,11481,1971,169,400,-30,14,23
7496,3040,11481,1972,166,380,-59,19,24
7496,3040,11481,1973,172,372,-58,11,15
7496,3040,11481,1974,170,370,-55,19,20
7496,3040,11481,1975,171,373,-40,12,12
7496,3040,11481,1976,168,380,-62,13,18
7496,3040,11481,1977,169,376,-99,16,17
7496,3040,11481,1978,179,398,-43,19,27
7496,3040,11481,1979,177,387,-58,24,28
7496,3040,11486,1980,166,385,-73,19,21
7496,3040,11486,1981,169,378,-26,12,23
7496,3040,11488,1982,170,366,-27,15,21
7496,3040,11488,1983,172,383,-25,13,13
7496,3040,11488,1984,166,367,-40,12,20
7496,3040,11488,1985,169,377,-56,13,19
7496,3040,11488,1986,172,373,-29,15,24
7496,3040,11488,1987,173,360,-25,23,24
7496,3040,11488,1988,174,392,-23,19,22
7496,3040,11488,1989,169,392,-25,14,20
7496,3040,11488,1990,178,381,-54,17,21
7496,3040,11488,1991,171,385,-67,12,16
7496,3040,11488,1992,175,388,-13,15,16
7496,3040,11488,1993,170,365,-49,17,21
7496,3040,11488,1994,182,395,-17,18,19
7496,3040,11488,1995,179,406,-11,9,12
7496,3040,11488,1996,172,371,-29,17,25
7496,3036,11486,1997,177,363,-28,13,20
7496,3036,11486,1998,180,377,-31,19,21
7496,3036,11486,1999,175,376,-45,20,22
7496,3036,11486,2000,176,389,-48,13,16
7496,3036,11486,2001,178,380,-30,17,18
7496,3036,11486,2002,176,388,-45,16,20
7496,3036,11486,2003,173,399,-28,18,19
7496,3036,11486,2004,178,370,-58,20,21
7496,3036,11486,2005,176,387,-49,16,18
7496,3036,11486,2006,181,387,-41,18,23
7496,3036,11486,2007,181,378,-25,15,21
7496,3036,11486,2008,177,375,-51,15,21
7496,3036,11486,2009,181,388,-40,25,26
7496,3036,11486,2010,177,393,-23,17,28
7496,3036,11486,2011,177,389,-35,20,25
7496,3036,11486,2012,175,386,-33,11,18
7496,3036,11486,2013,188,410,-27,20,23
7496,3036,11486,2014,182,380,-36,14,24
7496,3036,11486,2015,182,385,-7,20,23
7496,3025,11461,2016,180,389,-55,21,22
7496,3025,11461,2017,181,406,-10,17,22
7496,3025,11461,2018,182,391,-58,17,20
7496,3025,11461,2019,182,392,-6,17,22
7496,3025,11461,2020,180,381,-45,13,22
7476,3040,11208,1970,158,370,-74,13,17
7476,3040,11208,1971,157,378,-59,20,18
7476,3040,11208,1972,160,375,-92,11,20
7476,3040,11208,1973,164,353,-44,10,14
7476,3040,11208,1974,161,370,-122,17,22
7476,3040,11208,1975,165,360,-43,11,18
7476,3040,11208,1976,159,371,-63,8,21
7476,3040,11208,1977,165,360,-149,13,14
7476,3040,11208,1978,168,386,-39,16,21
7476,3040,11208,1979,166,365,-56,16,23
7476,3040,11208,1980,159,363,-44,15,26
7476,3040,11208,1981,163,372,-37,12,18
7476,3033,11218,1982,162,359,-31,11,15
7476,3033,11218,1983,165,370,-46,14,20
7476,3033,11218,1984,158,359,-94,17,21
7476,3033,11218,1985,162,361,-42,13,19
7476,3033,11218,1986,166,357,-24,15,23
7476,3033,11218,1987,166,345,-26,20,26
7476,3033,11218,1988,167,374,-24,15,21
7476,3033,11218,1989,160,379,-26,15,19
7476,3033,11218,1990,170,367,-50,11,14
7476,3033,11218,1991,164,377,-61,8,13
7476,3033,11218,1992,168,378,-20,14,24
7476,3033,11218,1993,162,359,-44,23,21
7476,3033,11218,1994,173,382,-25,13,18
7476,3033,11218,1995,173,376,-22,14,13
7476,3033,11218,1996,165,362,-35,12,20
7476,3033,11218,1997,174,372,-32,12,18
7476,3033,11218,1998,178,365,-33,14,22
7476,3033,11218,1999,175,365,-36,15,19
7476,3033,11218,2000,171,374,-45,10,19
7476,3033,11218,2001,175,366,-24,16,20
7476,3033,11218,2002,174,376,-34,17,25
7476,3033,11218,2003,169,387,-33,20,20
7476,3035,11215,2004,167,366,-49,17,21
7476,3035,11215,2005,164,356,-29,17,18
7476,3035,11215,2006,172,360,-37,14,19
7476,3035,11215,2007,173,362,-19,15,18
7476,3035,11215,2008,169,353,-61,10,18
7476,3035,11215,2009,172,387,-45,18,24
7476,3035,11215,2010,170,378,-58,17,24
7476,3035,11215,2011,167,380,-70,14,24
7476,3035,11215,2012,166,360,-46,9,12
7476,3035,11215,2013,176,381,-48,16,22
7476,3035,11215,2014,170,373,-55,8,12
7476,3035,11215,2015,171,362,-24,15,19
7476,3035,11215,2016,175,376,-51,19,17
7476,3035,11215,2017,174,379,-16,12,20
7476,3035,11215,2018,176,376,-59,14,20
7476,3035,11215,2019,175,380,-31,17,20
7476,3035,11215,2020,173,372,-32,17,17
7482,3093,11385,1970,159,370,-80,13,16
7482,3093,11385,1971,158,382,-45,15,18
7482,3093,11385,1972,159,365,-78,12,21
7482,3093,11385,1973,164,368,-77,13,14
7482,3093,11385,1974,160,352,-73,16,21
7482,3093,11385,1975,164,355,-52,13,15
7482,3093,11385,1976,159,371,-70,8,18
7482,3093,11385,1977,164,365,-131,17,18
7482,3093,11385,1978,170,384,-43,17,26
7482,3093,11385,1979,167,367,-54,21,26
7482,3093,11385,1980,158,365,-73,17,22
7482,3093,11385,1981,163,375,-52,12,18
7482,3093,11385,1982,162,356,-59,13,15
7482,3093,11385,1983,164,373,-38,16,17
7482,3090,11395,1984,154,369,-137,18,19
7482,3090,11395,1985,157,366,-60,13,19
7482,3090,11395,1986,160,361,-46,19,22
7482,3090,11395,1987,161,350,-44,22,23
7482,3090,11395,1988,161,376,-42,17,18
7482,3090,11395,1989,156,372,-37,15,21
7482,3090,11395,1990,166,370,-66,11,18
7482,3090,11395,1991,159,372,-149,14,17
7482,3090,11395,1992,162,375,-45,12,19
7482,3090,11395,1993,157,340,-75,20,16
7482,3090,11395,1994,167,377,-37,11,18
7482,3090,11395,1995,166,370,-45,15,11
7482,3090,11395,1996,159,370,-53,14,22
7482,3090,11395,1997,167,359,-46,13,18
7482,3090,11395,1998,172,371,-51,15,19
7482,3090,11395,1999,167,362,-60,19,20
7482,3090,11395,2000,167,374,-58,7,17
7482,3090,11395,2001,170,370,-34,11,14
7482,3090,11395,2002,169,376,-48,15,18
7482,3090,11395,2003,162,385,-50,14,19
7482,3090,11395,2004,169,370,-69,17,22
7482,3090,11395,2005,166,375,-51,15,20
7482,3090,11395,2006,171,372,-49,15,25
7482,3090,11395,2007,175,367,-42,11,25
7482,3090,11395,2008,166,361,-89,15,21
7482,3090,11395,2009,169,394,-67,21,26
7482,3090,11395,2010,167,382,-55,15,23
7482,3090,11395,2011,162,364,-63,19,18
7482,3090,11395,2012,162,368,-65,9,14
7482,3090,11395,2013,173,383,-65,17,18
7482,3090,11395,2014,173,375,-53,15,16
7482,3090,11395,2015,172,363,-45,18,20
7482,3090,11395,2016,175,389,-83,26,22
7482,3090,11395,2017,176,393,-48,15,23
7482,3090,11395,2018,176,388,-74,19,20
7482,3090,11395,2019,176,379,-36,16,19
7482,3090,11395,2020,172,382,-75,15,17
8407,3025,11501,1970,166,382,-66,14,19
8407,3025,11501,1971,167,395,-30,13,20
8407,3025,11501,1972,166,377,-54,20,21
8407,3025,11501,1973,172,370,-71,9,10
8407,3025,11501,1974,169,379,-53,18,19
8407,3025,11501,1975,171,373,-35,10,10
8407,3025,11501,1976,167,387,-63,13,17
8407,3025,11501,1977,169,378,-105,18,18
8407,3025,11501,1978,177,401,-36,18,23
8407,3025,11501,1979,175,387,-63,18,22
8407,3025,11505,1980,166,378,-69,20,20
8407,3025,11505,1981,169,375,-26,12,22
8407,3025,11505,1982,170,373,-12,16,21
8407,3025,11505,1983,172,381,-26,12,15
8407,3025,11505,1984,165,370,-42,12,20
8407,3025,11505,1985,170,380,-52,13,20
8407,3025,11505,1986,172,373,-33,17,26
8407,3025,11505,1987,173,372,-28,23,26
8407,3025,11505,1988,172,402,-20,14,21
8407,3025,11505,1989,167,384,-19,13,20
8407,3025,11505,1990,175,378,-52,16,20
8407,3025,11505,1991,169,380,-81,11,17
8407,3025,11505,1992,172,387,-25,15,19
8407,3025,11505,1993,167,374,-45,15,22
8407,3025,11505,1994,177,380,-20,15,19
8407,3025,11505,1995,175,387,-30,10,9
8407,3025,11505,1996,169,368,-28,18,24
8407,3025,11505,1997,177,360,-23,14,20
8407,3025,11505,1998,183,379,-35,20,22
8407,3025,11505,1999,177,372,-48,16,23
8407,3025,11505,2000,179,384,-40,11,14
8407,3025,11505,2001,182,386,-28,17,15
8407,3025,11505,2002,182,386,-32,18,21
8407,3025,11505,2003,179,404,-25,18,17
8407,3025,11505,2004,183,375,-51,18,20
8407,3025,11505,2005,180,382,-40,16,18
8407,3023,11503,2006,182,397,-43,17,21
8407,3023,11503,2007,182,378,-24,12,21
8407,3023,11503,2008,174,377,-61,12,22
8407,3023,11503,2009,177,386,-48,23,27
8407,3023,11503,2010,174,390,-27,17,22
8407,3023,11503,2011,174,389,-45,17,21
8407,3023,11503,2012,171,380,-47,13,19
8407,3023,11503,2013,183,407,-40,20,25
8407,3023,11503,2014,177,384,-37,13,23
8407,3023,11503,2015,177,392,-23,16,24
8407,3023,11503,2016,180,399,-76,19,17
8407,3023,11503,2017,181,403,-23,14,19
8407,3023,11503,2018,183,397,-51,16,18
8407,3023,11503,2019,184,390,-11,19,21
8407,3023,11503,2020,179,386,-52,14,16
7483,3065,11331,1970,160,375,-83,13,16
7483,3065,11331,1971,159,387,-41,16,21
7483,3065,11331,1972,160,380,-74,11,22
7483,3065,11331,1973,165,360,-71,9,16
7483,3065,11331,1974,162,361,-56,17,22
7483,3065,11331,1975,165,358,-43,11,17
7483,3065,11331,1976,160,375,-65,10,18
7483,3065,11331,1977,164,372,-151,16,17
7483,3065,11331,1978,167,383,-41,16,22
7483,3065,11331,1979,165,370,-50,17,23
7483,3065,11331,1980,158,365,-68,19,19
7483,3065,11331,1981,163,375,-55,13,18
7483,3066,11316,1982,161,353,-64,14,16
7483,3066,11316,1983,163,370,-42,14,20
7483,3066,11316,1984,157,361,-127,18,19
7483,3066,11316,1985,160,360,-47,9,20
7483,3066,11316,1986,164,359,-38,17,23
7483,3066,11316,1987,164,346,-36,22,22
7483,3066,11316,1988,164,374,-33,13,19
7483,3066,11316,1989,159,374,-43,18,22
7483,3066,11316,1990,170,371,-59,12,15
7483,3066,11316,1991,163,376,-106,8,17
7483,3066,11316,1992,168,377,-33,16,20
7483,3066,11316,1993,162,351,-57,22,19
7483,3066,11316,1994,172,385,-48,13,19
7483,3066,11316,1995,172,377,-29,14,13
7483,3066,11316,1996,165,368,-40,15,20
7483,3066,11316,1997,173,360,-49,12,18
7483,3066,11316,1998,179,371,-34,17,23
7483,3066,11316,1999,174,367,-49,17,21
7483,3066,11316,2000,171,380,-48,10,20
7483,3066,11316,2001,177,380,-33,13,16
7483,3066,11316,2002,178,378,-41,15,21
7483,3066,11316,2003,171,397,-30,23,24
7483,3066,11316,2004,178,368,-48,18,22
7483,3066,11316,2005,173,377,-30,17,18
7483,3066,11316,2006,181,374,-25,13,24
7483,3066,11316,2007,182,372,-15,13,23
7483,3066,11316,2008,174,362,-77,15,21
7483,3066,11316,2009,177,388,-42,25,28
7483,3066,11316,2010,175,387,-28,18,27
7483,3066,11313,2011,166,365,-55,15,22
7483,3066,11313,2012,165,363,-49,11,14
7483,3066,11313,2013,178,383,-62,18,17
7483,3066,11313,2014,173,367,-51,9,14
7483,3066,11313,2015,171,352,-22,16,15
7483,3066,11313,2016,177,377,-67,24,23
7483,3066,11313,2017,176,380,-27,12,22
7483,3066,11313,2018,177,371,-72,15,17
7483,3066,11313,2019,175,381,-37,20,22
7483,3066,11313,2020,172,375,-42,19,18
7590,2973,11426,1970,163,383,-88,23,23
7590,2973,11426,1971,166,396,-43,24,26
7590,2973,11426,1972,164,391,-121,25,27
7590,2973,11426,1973,168,383,-89,14,16
7590,2973,11426,1974,167,384,-77,23,26
7590,2973,11426,1975,168,383,-49,18,20
7590,2973,11426,1976,164,397,-85,15,23
7590,2973,11426,1977,167,381,-81,20,19
7590,2973,11426,1978,175,396,-43,20,27
7590,2973,11426,1979,174,384,-68,25,29
7590,2973,11426,1980,164,385,-80,25,21
7590,2973,11426,1981,167,386,-38,17,26
7590,2983,11433,1982,168,380,-28,18,25
7590,2983,11433,1983,170,396,-52,20,20
7590,2983,11433,1984,163,380,-59,18,20
7590,2983,11433,1985,166,385,-80,14,22
7590,2983,11433,1986,170,384,-39,22,29
7590,2983,11433,1987,171,372,-31,33,32
7590,2983,11433,1988,170,402,-21,18,25
7590,2983,11433,1989,166,394,-39,18,24
7590,2983,11433,1990,173,390,-77,17,21
7590,2983,11433,1991,167,393,-107,17,20
7590,2983,11433,1992,172,400,-35,16,22
7590,2983,11433,1993,165,370,-58,19,24
7590,2983,11433,1994,175,394,-32,20,18
7590,2983,11433,1995,174,401,-35,11,18
7590,2983,11433,1996,168,376,-32,19,28
7590,2983,11433,1997,174,367,-34,16,23
7590,2983,11433,1998,181,389,-35,20,24
7590,2983,11433,1999,173,378,-66,21,26
7590,2983,11433,2000,175,405,-47,12,20
7590,2983,11433,2001,178,393,-33,21,20
7590,2983,11433,2002,177,397,-35,22,22
7590,2983,11433,2003,173,417,-46,20,22
7590,2983,11433,2004,178,385,-60,22,22
7590,2983,11433,2005,176,398,-47,22,23
7590,2983,11433,2006,181,388,-53,18,25
7590,2983,11433,2007,184,385,-32,21,23
7590,2985,11436,2008,170,378,-69,18,21
7590,2985,11436,2009,173,386,-67,28,27
7590,2985,11436,2010,168,400,-45,26,29
7590,2985,11436,2011,166,383,-58,27,23
7590,2985,11436,2012,163,384,-71,12,18
7590,2985,11436,2013,178,408,-61,28,25
7590,2985,11436,2014,172,381,-55,16,25
7590,2985,11436,2015,174,380,-36,17,25
7590,2985,11436,2016,175,390,-80,22,21
7590,2985,11436,2017,174,408,-34,19,24
7590,2985,11436,2018,175,383,-65,20,25
7590,2985,11436,2019,176,393,-28,22,28
7590,2985,11436,2020,173,377,-69,13,19
7475,3043,11283,1970,158,363,-91,16,15
7475,3043,11283,1971,157,377,-44,19,20
7475,3043,11283,1972,159,372,-93,11,20
7475,3043,11283,1973,163,360,-62,7,16
7475,3043,11283,1974,160,363,-78,16,20
7475,3043,11283,1975,163,353,-41,9,17
7475,3043,11283,1976,157,364,-69,10,17
7475,3043,11283,1977,163,364,-165,15,18
7475,3043,11283,1978,167,376,-36,14,22
7475,3043,11283,1979,166,373,-53,19,27
7475,3043,11283,1980,158,358,-65,18,20
7475,3043,11283,1981,162,372,-37,9,21
7475,3041,11288,1982,160,349,-50,12,15
7475,3041,11288,1983,163,363,-37,14,19
7475,3041,11288,1984,155,357,-98,16,20
7475,3041,11288,1985,158,356,-59,13,19
7475,3041,11288,1986,161,358,-32,16,24
7475,3041,11288,1987,163,344,-32,22,25
7475,3041,11288,1988,163,378,-34,13,20
7475,3041,11288,1989,158,370,-46,15,24
7475,3041,11288,1990,168,366,-57,13,14
7475,3041,11288,1991,161,376,-95,9,14
7475,3041,11288,1992,165,365,-31,15,22
7475,3041,11288,1993,161,346,-47,21,23
7475,3041,11288,1994,171,370,-42,13,20
7475,3041,11288,1995,171,376,-26,13,14
7475,3041,11288,1996,165,363,-36,16,22
7475,3041,11288,1997,173,357,-41,11,19
7475,3041,11288,1998,178,369,-34,18,22
7475,3041,11288,1999,174,366,-49,16,21
7475,3041,11288,2000,171,376,-48,9,20
7475,3041,11288,2001,176,370,-32,18,19
7475,3041,11288,2002,175,376,-33,20,24
7475,3041,11288,2003,169,392,-42,22,27
7475,3041,11288,2004,176,371,-54,20,24
7475,3041,11288,2005,173,370,-26,18,19
7475,3040,11290,2006,171,362,-43,12,20
7475,3040,11290,2007,173,371,-36,13,22
7475,3040,11290,2008,166,360,-100,15,18
7475,3040,11290,2009,169,386,-58,22,23
7475,3040,11290,2010,168,386,-33,18,23
7475,3040,11290,2011,165,367,-62,15,20
7475,3040,11290,2012,164,363,-51,10,12
7475,3040,11290,2013,175,377,-53,15,18
7475,3040,11290,2014,170,373,-54,10,14
7475,3040,11290,2015,171,355,-31,12,19
7475,3040,11290,2016,175,377,-66,20,21
7475,3040,11290,2017,175,384,-27,10,21
7475,3040,11290,2018,176,373,-68,15,19
7475,3040,11290,2019,174,375,-29,21,23
7475,3040,11290,2020,173,369,-43,14,18
7377,3103,11211,1970,156,375,-77,18,18
7377,3105,11220,1971,155,386,-61,18,26
7377,3105,11220,1972,158,388,-55,15,22
7377,3105,11220,1973,161,363,-65,11,19
7377,3105,11220,1974,158,367,-77,17,22
7377,3105,11220,1975,161,367,-52,10,20
7377,3105,11220,1976,156,378,-70,13,22
7377,3105,11220,1977,163,374,-140,17,20
7377,3105,11220,1978,166,391,-53,18,25
7377,3105,11220,1979,164,369,-67,18,27
7377,3105,11220,1980,156,361,-62,19,24
7377,3105,11220,1981,160,371,-53,18,20
7377,3105,11220,1982,157,358,-56,13,19
7377,3105,11220,1983,160,369,-55,17,20
7377,3105,11220,1984,152,361,-64,20,20
7377,3105,11220,1985,156,363,-65,16,24
7377,3105,11220,1986,163,365,-35,21,25
7377,3105,11220,1987,161,347,-32,21,27
7377,3105,11220,1988,161,379,-36,18,22
7377,3105,11220,1989,153,370,-40,18,21
7377,3105,11220,1990,166,376,-64,16,21
7377,3105,11220,1991,158,376,-110,12,17
7377,3105,11220,1992,161,374,-46,22,25
7377,3105,11220,1993,155,372,-83,24,23
7377,3105,11220,1994,166,375,-36,15,23
7377,3105,11220,1995,168,385,-37,16,13
7377,3105,11220,1996,159,358,-52,14,19
7377,3105,11220,1997,169,366,-50,14,19
7377,3105,11220,1998,174,364,-41,19,24
7377,3105,11220,1999,172,375,-55,19,23
7377,3105,11220,2000,166,372,-55,10,19
7377,3105,11220,2001,170,382,-47,19,26
7377,3105,11220,2002,171,372,-41,17,24
7377,3105,11220,2003,162,380,-51,21,27
7377,3105,11220,2004,172,368,-47,24,25
7377,3105,11220,2005,167,365,-32,19,18
7377,3105,11220,2006,172,365,-41,20,22
7377,3105,11220,2007,173,358,-29,17,20
7377,3100,11221,2008,163,346,-56,16,18
7377,3100,11221,2009,164,368,-48,29,29
7377,3100,11221,2010,162,370,-43,26,29
7377,3100,11221,2011,158,364,-53,16,22
7377,3100,11221,2012,159,362,-53,14,15
7377,3100,11221,2013,172,382,-48,21,27
7377,3100,11221,2014,166,375,-52,18,21
7377,3100,11221,2015,166,347,-37,22,24
7377,3100,11221,2016,170,365,-44,20,22
7377,3100,11221,2017,171,377,-16,22,24
7377,3100,11221,2018,170,356,-68,23,24
7377,3100,11221,2019,171,376,-41,24,26
7377,3098,11221,2020,168,361,-44,16,23
